Roll_No,Name,Class,Section,Exam,Max_Marks,Mathematics,Physics,Chemistry,English,Computer Science
101,Aarav Sharma,Class 10,A,Unit Test,50,45.5,44.2,45.8,47.5,44.0
101,Aarav Sharma,Class 10,A,Mid-term,100,90.1,97.3,94.1,89.1,93.2
101,Aarav Sharma,Class 10,A,Final,100,91.6,91.6,94.5,85.8,86.6
102,Diya Patel,Class 10,A,Unit Test,50,36.1,35.0,38.3,35.2,34.0
102,Diya Patel,Class 10,A,Mid-term,100,84.3,75.9,77.3,69.9,74.3
102,Diya Patel,Class 10,A,Final,100,80.1,73.7,81.4,76.5,78.0
103,Rohan Verma,Class 10,A,Unit Test,50,26.7,34.1,28.5,25.3,31.0
103,Rohan Verma,Class 10,A,Mid-term,100,51.7,60.3,47.2,51.0,60.2
103,Rohan Verma,Class 10,A,Final,100,65.9,62.5,60.8,59.7,52.6
104,Ananya Iyer,Class 10,A,Unit Test,50,43.1,43.6,46.6,45.2,41.0
104,Ananya Iyer,Class 10,A,Mid-term,100,92.3,89.5,88.3,93.4,95.1
104,Ananya Iyer,Class 10,A,Final,100,97.2,90.1,92.3,94.8,97.4
105,Ishaan Nair,Class 10,A,Unit Test,50,36.3,37.0,34.7,34.5,39.5
105,Ishaan Nair,Class 10,A,Mid-term,100,83.8,76.6,82.0,78.8,73.8
105,Ishaan Nair,Class 10,A,Final,100,81.3,87.2,79.3,87.3,66.4
106,Priya Singh,Class 10,A,Unit Test,50,46.1,44.7,43.9,44.7,40.5
106,Priya Singh,Class 10,A,Mid-term,100,90.1,92.4,96.9,88.9,87.8
106,Priya Singh,Class 10,A,Final,100,91.5,97.2,94.8,91.4,95.6
107,Kabir Mehta,Class 10,A,Unit Test,50,28.8,31.4,26.4,27.5,27.3
107,Kabir Mehta,Class 10,A,Mid-term,100,50.2,60.8,60.6,59.0,57.6
107,Kabir Mehta,Class 10,A,Final,100,53.0,59.0,59.4,56.7,60.5
108,Sneha Mukherjee,Class 10,A,Unit Test,50,38.5,42.2,37.9,38.1,37.3
108,Sneha Mukherjee,Class 10,A,Mid-term,100,67.4,76.9,77.3,89.3,76.0
108,Sneha Mukherjee,Class 10,A,Final,100,81.0,79.3,73.7,85.2,83.3
109,Aditya Joshi,Class 10,A,Unit Test,50,30.9,25.8,32.7,24.3,30.3
109,Aditya Joshi,Class 10,A,Mid-term,100,72.1,53.1,55.6,59.6,56.0
109,Aditya Joshi,Class 10,A,Final,100,52.2,61.9,55.1,64.3,56.0
110,Tanvi Kapoor,Class 10,A,Unit Test,50,41.4,35.5,36.7,39.5,34.4
110,Tanvi Kapoor,Class 10,A,Mid-term,100,78.1,83.5,69.0,77.9,78.3
110,Tanvi Kapoor,Class 10,A,Final,100,83.4,73.3,72.9,82.1,81.0
111,Vikram Malhotra,Class 10,B,Unit Test,50,29.3,29.5,26.5,29.2,29.4
111,Vikram Malhotra,Class 10,B,Mid-term,100,54.7,70.2,61.8,51.9,62.9
111,Vikram Malhotra,Class 10,B,Final,100,55.7,66.2,68.5,56.6,67.3
112,Pooja Gupta,Class 10,B,Unit Test,50,38.5,39.6,42.2,36.9,35.6
112,Pooja Gupta,Class 10,B,Mid-term,100,72.6,72.9,76.6,78.7,78.4
112,Pooja Gupta,Class 10,B,Final,100,83.6,79.6,86.8,78.2,93.1
113,Arjun Reddy,Class 10,B,Unit Test,50,45.8,42.8,42.4,45.5,44.1
113,Arjun Reddy,Class 10,B,Mid-term,100,93.9,92.9,90.7,87.6,84.9
113,Arjun Reddy,Class 10,B,Final,100,91.7,96.9,94.4,88.5,94.2
114,Riya Choudhury,Class 10,B,Unit Test,50,29.7,25.8,29.0,28.7,25.1
114,Riya Choudhury,Class 10,B,Mid-term,100,61.1,62.4,65.5,65.3,50.7
114,Riya Choudhury,Class 10,B,Final,100,55.9,64.6,64.6,64.6,84.6
115,Nikhil Das,Class 10,B,Unit Test,50,15.9,17.3,18.4,17.6,15.2
115,Nikhil Das,Class 10,B,Mid-term,100,32.8,25.1,32.8,31.6,34.4
115,Nikhil Das,Class 10,B,Final,100,40.6,19.7,39.9,28.4,34.1
116,Meera Rao,Class 10,B,Unit Test,50,40.2,37.7,34.8,35.7,39.2
116,Meera Rao,Class 10,B,Mid-term,100,73.3,78.1,77.2,73.7,87.7
116,Meera Rao,Class 10,B,Final,100,82.7,69.4,80.4,76.2,83.8
117,Siddharth Bhat,Class 10,B,Unit Test,50,26.1,28.2,30.0,31.1,24.9
117,Siddharth Bhat,Class 10,B,Mid-term,100,57.0,56.2,55.1,69.6,61.4
117,Siddharth Bhat,Class 10,B,Final,100,53.9,67.0,74.2,67.7,52.4
118,Neha Saxena,Class 10,B,Unit Test,50,36.3,40.7,35.7,38.6,39.4
118,Neha Saxena,Class 10,B,Mid-term,100,72.4,76.7,60.8,71.9,75.7
118,Neha Saxena,Class 10,B,Final,100,73.3,87.7,72.3,77.3,80.2
119,Ayush Mishra,Class 11,A,Unit Test,50,32.8,24.2,32.0,28.5,25.6
119,Ayush Mishra,Class 11,A,Mid-term,100,61.8,60.2,55.4,59.4,56.7
119,Ayush Mishra,Class 11,A,Final,100,62.2,65.5,71.0,54.1,74.3
120,Simran Kaur,Class 11,A,Unit Test,50,27.1,31.6,17.5,32.7,30.4
120,Simran Kaur,Class 11,A,Mid-term,100,65.0,63.5,29.1,70.2,67.8
120,Simran Kaur,Class 11,A,Final,100,65.0,73.0,33.5,72.6,71.6
121,Varun Pillai,Class 11,A,Unit Test,50,42.8,43.4,46.0,45.7,44.5
121,Varun Pillai,Class 11,A,Mid-term,100,91.5,96.1,88.6,93.2,90.2
121,Varun Pillai,Class 11,A,Final,100,92.6,97.9,96.8,96.8,98.7
122,Shreya Bose,Class 11,A,Unit Test,50,37.6,39.2,36.7,38.3,37.2
122,Shreya Bose,Class 11,A,Mid-term,100,77.5,80.0,72.9,87.5,72.0
122,Shreya Bose,Class 11,A,Final,100,73.4,85.3,83.5,82.6,82.6
123,Aryan Sen,Class 11,A,Unit Test,50,28.5,25.8,28.7,26.5,31.4
123,Aryan Sen,Class 11,A,Mid-term,100,58.1,54.0,57.1,61.5,55.6
123,Aryan Sen,Class 11,A,Final,100,56.6,63.0,63.0,58.5,58.7
124,Kritika Jain,Class 11,A,Unit Test,50,45.0,41.6,41.7,43.1,44.1
124,Kritika Jain,Class 11,A,Mid-term,100,92.2,96.9,94.4,90.4,90.9
124,Kritika Jain,Class 11,A,Final,100,89.5,93.4,92.3,94.8,90.2
125,Harsh Vardhan,Class 12,A,Unit Test,50,38.8,41.3,37.2,38.5,39.2
125,Harsh Vardhan,Class 12,A,Mid-term,100,75.0,78.1,77.1,77.5,73.1
125,Harsh Vardhan,Class 12,A,Final,100,79.6,82.0,86.8,84.3,90.3
126,Divya Nambiar,Class 12,A,Unit Test,50,43.0,46.2,44.9,48.9,42.9
126,Divya Nambiar,Class 12,A,Mid-term,100,87.6,88.6,82.5,88.9,88.0
126,Divya Nambiar,Class 12,A,Final,100,94.1,94.9,99.5,97.3,91.2
127,Pranav Kulkarni,Class 12,A,Unit Test,50,25.8,30.0,24.5,34.0,32.0
127,Pranav Kulkarni,Class 12,A,Mid-term,100,56.2,48.7,67.1,58.3,66.4
127,Pranav Kulkarni,Class 12,A,Final,100,51.9,57.9,61.5,61.8,58.8
128,Natasha Roy,Class 12,A,Unit Test,50,39.1,34.8,37.1,37.8,38.8
128,Natasha Roy,Class 12,A,Mid-term,100,80.6,71.4,69.3,83.4,78.7
128,Natasha Roy,Class 12,A,Final,100,75.8,87.3,80.1,85.4,79.8
129,Kunal Singhania,Class 12,A,Unit Test,50,19.7,18.9,15.4,18.4,17.6
129,Kunal Singhania,Class 12,A,Mid-term,100,35.8,24.2,37.4,39.3,25.2
129,Kunal Singhania,Class 12,A,Final,100,23.1,18.8,35.2,40.1,44.0
130,Bhavya Aggarwal,Class 12,A,Unit Test,50,44.6,47.8,41.7,41.1,44.4
130,Bhavya Aggarwal,Class 12,A,Mid-term,100,92.5,90.9,82.7,90.6,85.8
130,Bhavya Aggarwal,Class 12,A,Final,100,96.2,95.0,89.7,91.4,89.3
