Roll_No,Name,Class,Section,Gender,Email
101,Aarav Sharma,Class 10,A,Male,aarav.sharma@school.edu
102,Diya Patel,Class 10,A,Female,diya.patel@school.edu
103,Rohan Verma,Class 10,A,Male,rohan.verma@school.edu
104,Ananya Iyer,Class 10,A,Female,ananya.iyer@school.edu
105,Ishaan Nair,Class 10,A,Male,ishaan.nair@school.edu
106,Priya Singh,Class 10,A,Female,priya.singh@school.edu
107,Kabir Mehta,Class 10,A,Male,kabir.mehta@school.edu
108,Sneha Mukherjee,Class 10,A,Female,sneha.m@school.edu
109,Aditya Joshi,Class 10,A,Male,aditya.j@school.edu
110,Tanvi Kapoor,Class 10,A,Female,tanvi.k@school.edu
111,Vikram Malhotra,Class 10,B,Male,vikram.m@school.edu
112,Pooja Gupta,Class 10,B,Female,pooja.gupta@school.edu
113,Arjun Reddy,Class 10,B,Male,arjun.reddy@school.edu
114,Riya Choudhury,Class 10,B,Female,riya.c@school.edu
115,Nikhil Das,Class 10,B,Male,nikhil.das@school.edu
116,Meera Rao,Class 10,B,Female,meera.rao@school.edu
117,Siddharth Bhat,Class 10,B,Male,sid.bhat@school.edu
118,Neha Saxena,Class 10,B,Female,neha.saxena@school.edu
119,Ayush Mishra,Class 11,A,Male,ayush.m@school.edu
120,Simran Kaur,Class 11,A,Female,simran.k@school.edu
121,Varun Pillai,Class 11,A,Male,varun.p@school.edu
122,Shreya Bose,Class 11,A,Female,shreya.bose@school.edu
123,Aryan Sen,Class 11,A,Male,aryan.sen@school.edu
124,Kritika Jain,Class 11,A,Female,kritika.j@school.edu
125,Harsh Vardhan,Class 12,A,Male,harsh.v@school.edu
126,Divya Nambiar,Class 12,A,Female,divya.n@school.edu
127,Pranav Kulkarni,Class 12,A,Male,pranav.k@school.edu
128,Natasha Roy,Class 12,A,Female,natasha.roy@school.edu
129,Kunal Singhania,Class 12,A,Male,kunal.s@school.edu
130,Bhavya Aggarwal,Class 12,A,Female,bhavya.a@school.edu
